author,body,datalegacylang
RigoIrizarry,"The church that burned last night in Astoria, Queens just happens to be surrounded by all mosques. #stopislam https://t.co/rXsnNTxzse",en
Desblatgous,Who will be able to act for #StopIslam ? That’s the question !,en
Cinasita,"@koshercockney How can anyone be surprised or deny the October 7 atrocities, after everything that has happened to white girls in the UK? It's the same religion. #Investigation #StarmerOut #StopIslam #UN https://t.co/DbRDsWi7I0",en
shome_bag,@zoo_bear @rihanna So sweet. Muslims would have slaughtered it. #stopislam,en
TheJewishMystic,Good morning family! So we start the day off with another reminder of why Islamism must be stopped. #SaveTheWest #StopIslam #ChildAbuse #Islam https://t.co/8r6DQpCtiD,en
AntihumanDigSys,"The #UK government pays money to Muslim pedophiles for abusing girls.\n\nFor what purpose?\n\nLegalize and normalize pedophilia, such a practice can generate a lot of money or be transactional. Exactly, the UK government pretends to be a big pedophile mafia.\n\n#StopIslam #StopMuslim https://t.co/rDbpRlx0eC",en
xsteve,@RadioGenoa Great Britain and Europe need a large injection of common sense... \n... Probably America too. \nWe all need to fight off the Islamic invasion. 🇬🇧🇺🇲🇪🇺\n#stopislam #closeborders https://t.co/gDsDRSkbpY,en
astra1004,It's fucked as hell 🤮\n#StopIslam,en
isabellaab61379,@vonderleyen Europe wake up!\nDon't talk to me about human rights anymore because I don't believe in you anymore.\nThe filthy Iranian regime must fall NOW! NASEE #Bakrzadeh Free #stopislam #freeiran #freeeuropefromfreepalestine #standwithNetanyahu #standwithTrump,en
hopeladay,Recruiting Volunteers 2Night 2 Save CA &amp; Help CONSERVATIVE CANDIDATES 👀Below👇#SaveCalifornia #Constitution #StopIslam #Republican #Conservatives #MAGA #MAHA #MASA @hopeladay @New61Republican @CAPACTIVATORSUS @HaymSalomon1776 @SeanBelanger007 @PoppyPhillg4 @TiwaryAmit @09Standa,en
sportfanaticus,@FoxNews We are lost in europe. We need more trumpianlike politicians. Almost all crimes are commited by imported aliens. Maybe a ICE like force in europe would help a little. #mega #stopislam #stopasylum,en
InkedKatLady,America stop this from happening here!!! #StopIslam,en
BigToePolitics,Wake up @YourAlberta @Alberta_UCP @UCPCaucus @BrianJeanAB @demetriosnAB \nIslam is not compassionate with western society.  \n#Banislam #StopIslam #ableg #abpoli,en
samuelson76,#Germany is a Shithole ! #StopIslam Stop criminals,en
traceyhsmith,@HananyaNaftali @truthteller5254 Let’s scream it out! #stopislamkillingchristians #stopislam #helpnigeria #nigeriableeding #nigeriansdeservebetter #nigeriaisbleeding #nigeria,en
CathLouisa1976,@Keir_Starmer Do something about the problem!!! #StopIslam,en
xsteve,@Neccccy He needs to see marriage guidance:-😅😅\n#reform #stopislam #maga https://t.co/4AQRcpRf7s,en
Suzy_grrr,Absolutely! 🔥 Close the borders! #stopislam,en
AidaAdibi,Stop Islam \n#stopislam \n#PVV,en
AidaAdibi,Stop Islam \n#stopislam,en
arian_yoss,@patcondell #Islam is the root cause of violence against non-Islamists across the world. Jews are one of them.\n\n#StopIslam,en
geertwilderspvv,Islam is terrorizing us all over Europe.\n\nWhy don’t we finally close our borders?\n\nOur future is at stake. Our wives and daughters intimidated and raped. Jews attacked. Antisemitism rising.\n\nThe people will not accept this much longer. No more.\n\n#stopislam,en
xsteve,@RadioGenoa If she is proud of her homeland she will be able to return and make it better.✨\nAmerica needs to make conditions MUCH more uncomfortable to encourage self-deportation.🇺🇸🇺🇸\n#maga #stopislam https://t.co/oHZIRFGkQr,en
Marta196825152,#StopIslam this barbaric ideology,en
My_Name_Is_Ruin,@realMaalouf @WilloWispish Thanks to the two #MetPolice officers for showing there are still some who put taking down criminals as the priority without (as some seem to do?) allowing those of a certain race/religion to (literally?) get away with murder 🕊️♥️🇬🇧\nWe need more cops like these heroes\n#StopIslam https://t.co/fi3nkvh32N,en
BergVincentvd,@andrevanm @cvandaagnl Juist!\n#StopIslam,en
X_Werner_N,"@VividProwess It’s so disgusting to see Germany transform into an Islamic country. Parts of Berlin, Frankfurt, Hamburg are already under the control of Islam and the Sharia. \n\nWe will not allow that any longer. Police officers are risking their lives everyday because of Islam. \n\n#stopislam",en
MakeAmericaTAgn,"Yep, @SaltyGoat17!   Religion (Islam = Jihad = Death/Destruction = NOT A RELGION!) s/b taught in the home - NOT IN SCHOOLS!  Unless, of course, its a religious school.  #StopIslam #ShutdownMosques",en
Uri81Cat,#volemacollir barbars #stopislam,en
iglesiasvp3,"#StopIslam \nWoman, defend your freedom.\n#freedom",en
Woestijnroeper,#stopislam forever! https://t.co/vwhxupfjQ4,en
Steam7R,Disgusting scum. Clean the country from these useless illegal migrants. #StopImmigration #StopIslam,en
xsteve,@RadioGenoa What sort of British person would not see this as Islamic infiltration?#stopislam #Reform https://t.co/gA5kNBfbWC,en
Cinasita,"@Ali911o @PeriklesGREAT In Germany, they are acquitted. This is Europe. #StopIslam https://t.co/SV3MfeTU1L",en
canonman52,@Alinavisooo Every single one! #stopislam https://t.co/7nK6okm05A,en
